{
  "extends": [
    "tslint:recommended"
  ],
  "rulesDirectory": [
    "node_modules/codelyzer"
  ],
  "rules": {
    "trailing-comma": [
      false,
      {
        "multiline": "always",
        "singleline": "never"
      }
    ],
    "interface-name": [
      true,
      "always-prefix"
    ],
    "component-class-suffix": true,
    "directive-selector": [
      true,
      "attribute",
      "",
      "camelCase"
    ],
    "directive-class-suffix": [
      false,
      "Directive",
      "Validator"
    ],
    "import-destructuring-spacing": true,
    "no-attribute-parameter-decorator": false,
    "no-forward-ref": false,
    "no-input-rename": true,
    "no-output-rename": true,
    "only-arrow-functions": false,
    "member-access": false,
    "member-ordering": false,
    "object-literal-key-quotes": false,
    "curly": false,
    "object-shorthand": false,
    "array-type": [true, "array-simple"],
    "pipe-naming": [
      true,
      "camelCase"
    ],
    "use-host-property-decorator": false,
    "use-input-property-decorator": true,
    "use-life-cycle-interface": true,
    "use-output-property-decorator": true,
    "use-pipe-transform-interface": true,
    "no-switch-case-fall-through": true,
    "switch-default": false,
    "arrow-parens": false,
    "max-classes-per-file": [true, 2],
    "semicolon": [
      true,
      "always"
    ],
    "no-console": [
      true,
      "time",
      "timeEnd",
      "trace"
    ],
    "max-line-length": [
      true,
      160
    ],
    "no-string-literal": false,
    "no-use-before-declare": true,
    "object-literal-shorthand": false,
    "object-literal-sort-keys": false,
    "ordered-imports": false,
    "quotemark": [
      true,
      "single",
      "avoid-escape"
    ],
    "variable-name": [
      true,
      "allow-leading-underscore",
      "allow-pascal-case",
      "ban-keywords",
      "check-format"
    ],
    "no-empty": false,
    "prefer-for-of": false,
    "radix": false
  }
}
